review_text,label
Received a defective item. The packaging was also damaged. Very disappointed.,Negative
Very happy with the purchase. The features are outstanding and user-friendly.,Positive
"I had a great experience using this device. It's fast, responsive, and delivers what it promises.",Positive
Good value for money,Positive
"The product exceeded all my expectations. From the build quality to the performance, everything was perfect.",Positive
Exceeded expectations,Positive
Excellent service,Positive
Fast delivery,Positive
Late delivery,Negative
Poor quality,Negative
Received a defective item. The packaging was also damaged. Very disappointed.,Negative
"Terrible experience. Nothing worked as expected, and I couldn't get any help.",Negative
"After waiting two weeks, I got the wrong product. The whole process was frustrating.",Negative
"The product exceeded all my expectations. From the build quality to the performance, everything was perfect.",Positive
Received a defective item. The packaging was also damaged. Very disappointed.,Negative
Shipping was fast and the product came well-packaged. Works exactly as described.,Positive
Very happy with the purchase. The features are outstanding and user-friendly.,Positive
Exceeded expectations,Positive
Worst purchase ever. Quality is horrible and there’s no return option available.,Negative
Worst purchase ever. Quality is horrible and there’s no return option available.,Negative
Loved it,Positive
Excellent service,Positive
This product was a complete waste of money. Stopped working within a week and support was useless.,Negative
Terrible product,Negative
Not worth the money,Negative
Exceeded expectations,Positive
Highly recommend,Positive
Never buying again,Negative
Top quality,Positive
Received a defective item. The packaging was also damaged. Very disappointed.,Negative
Worst purchase ever. Quality is horrible and there’s no return option available.,Negative
Poor quality,Negative
Exceeded expectations,Positive
Customer service was helpful and resolved my issue quickly. I'm really satisfied.,Positive
Worst purchase ever. Quality is horrible and there’s no return option available.,Negative
Hated it,Negative
Received a defective item. The packaging was also damaged. Very disappointed.,Negative
"I had a great experience using this device. It's fast, responsive, and delivers what it promises.",Positive
Highly recommend,Positive
Excellent service,Positive
Will buy again,Positive
Highly recommend,Positive
"I had a great experience using this device. It's fast, responsive, and delivers what it promises.",Positive
Great product,Positive
Fast delivery,Positive
"The product exceeded all my expectations. From the build quality to the performance, everything was perfect.",Positive
Top quality,Positive
Late delivery,Negative
Do not recommend,Negative
Great product,Positive
Customer service was helpful and resolved my issue quickly. I'm really satisfied.,Positive
Exceeded expectations,Positive
Hated it,Negative
Top quality,Positive
Customer service was helpful and resolved my issue quickly. I'm really satisfied.,Positive
Good value for money,Positive
Received a defective item. The packaging was also damaged. Very disappointed.,Negative
Worst purchase ever. Quality is horrible and there’s no return option available.,Negative
"Terrible experience. Nothing worked as expected, and I couldn't get any help.",Negative
Customer service was helpful and resolved my issue quickly. I'm really satisfied.,Positive
Do not recommend,Negative
Do not recommend,Negative
Received a defective item. The packaging was also damaged. Very disappointed.,Negative
Received a defective item. The packaging was also damaged. Very disappointed.,Negative
Never buying again,Negative
Shipping was fast and the product came well-packaged. Works exactly as described.,Positive
"Terrible experience. Nothing worked as expected, and I couldn't get any help.",Negative
Customer service was helpful and resolved my issue quickly. I'm really satisfied.,Positive
Never buying again,Negative
Terrible product,Negative
Very happy with the purchase. The features are outstanding and user-friendly.,Positive
"I had a great experience using this device. It's fast, responsive, and delivers what it promises.",Positive
"I had a great experience using this device. It's fast, responsive, and delivers what it promises.",Positive
Will buy again,Positive
Very bad experience,Negative
Customer service was helpful and resolved my issue quickly. I'm really satisfied.,Positive
Very happy with the purchase. The features are outstanding and user-friendly.,Positive
"The product exceeded all my expectations. From the build quality to the performance, everything was perfect.",Positive
Customer service was helpful and resolved my issue quickly. I'm really satisfied.,Positive
Very bad experience,Negative
Customer service was helpful and resolved my issue quickly. I'm really satisfied.,Positive
"I had a great experience using this device. It's fast, responsive, and delivers what it promises.",Positive
Poor quality,Negative
Hated it,Negative
"I had a great experience using this device. It's fast, responsive, and delivers what it promises.",Positive
Very bad experience,Negative
Terrible product,Negative
Never buying again,Negative
Hated it,Negative
Awful service,Negative
Never buying again,Negative
Customer service was helpful and resolved my issue quickly. I'm really satisfied.,Positive
Received a defective item. The packaging was also damaged. Very disappointed.,Negative
Shipping was fast and the product came well-packaged. Works exactly as described.,Positive
"After waiting two weeks, I got the wrong product. The whole process was frustrating.",Negative
Very happy with the purchase. The features are outstanding and user-friendly.,Positive
Shipping was fast and the product came well-packaged. Works exactly as described.,Positive
Disappointed,Negative
Very bad experience,Negative
"Terrible experience. Nothing worked as expected, and I couldn't get any help.",Negative
Fast delivery,Positive
Fast delivery,Positive
"The product exceeded all my expectations. From the build quality to the performance, everything was perfect.",Positive
Amazing experience,Positive
"Terrible experience. Nothing worked as expected, and I couldn't get any help.",Negative
Disappointed,Negative
This product was a complete waste of money. Stopped working within a week and support was useless.,Negative
Shipping was fast and the product came well-packaged. Works exactly as described.,Positive
Will buy again,Positive
Late delivery,Negative
"The product exceeded all my expectations. From the build quality to the performance, everything was perfect.",Positive
Will buy again,Positive
Not worth the money,Negative
Top quality,Positive
Good value for money,Positive
Do not recommend,Negative
Customer service was helpful and resolved my issue quickly. I'm really satisfied.,Positive
Disappointed,Negative
Late delivery,Negative
"The product exceeded all my expectations. From the build quality to the performance, everything was perfect.",Positive
"Terrible experience. Nothing worked as expected, and I couldn't get any help.",Negative
Worst purchase ever. Quality is horrible and there’s no return option available.,Negative
Received a defective item. The packaging was also damaged. Very disappointed.,Negative
Fast delivery,Positive
Disappointed,Negative
Amazing experience,Positive
This product was a complete waste of money. Stopped working within a week and support was useless.,Negative
This product was a complete waste of money. Stopped working within a week and support was useless.,Negative
Top quality,Positive
"Terrible experience. Nothing worked as expected, and I couldn't get any help.",Negative
Shipping was fast and the product came well-packaged. Works exactly as described.,Positive
Amazing experience,Positive
Top quality,Positive
Worst purchase ever. Quality is horrible and there’s no return option available.,Negative
Loved it,Positive
"I had a great experience using this device. It's fast, responsive, and delivers what it promises.",Positive
Never buying again,Negative
Shipping was fast and the product came well-packaged. Works exactly as described.,Positive
This product was a complete waste of money. Stopped working within a week and support was useless.,Negative
Top quality,Positive
Terrible product,Negative
Terrible product,Negative
Shipping was fast and the product came well-packaged. Works exactly as described.,Positive
"The product exceeded all my expectations. From the build quality to the performance, everything was perfect.",Positive
Poor quality,Negative
Very happy with the purchase. The features are outstanding and user-friendly.,Positive
Terrible product,Negative
Terrible product,Negative
Do not recommend,Negative
This product was a complete waste of money. Stopped working within a week and support was useless.,Negative
Top quality,Positive
Worst purchase ever. Quality is horrible and there’s no return option available.,Negative
Do not recommend,Negative
Exceeded expectations,Positive
"The product exceeded all my expectations. From the build quality to the performance, everything was perfect.",Positive
Very happy with the purchase. The features are outstanding and user-friendly.,Positive
"The product exceeded all my expectations. From the build quality to the performance, everything was perfect.",Positive
Not worth the money,Negative
Terrible product,Negative
Loved it,Positive
Shipping was fast and the product came well-packaged. Works exactly as described.,Positive
Shipping was fast and the product came well-packaged. Works exactly as described.,Positive
Highly recommend,Positive
Very happy with the purchase. The features are outstanding and user-friendly.,Positive
"I had a great experience using this device. It's fast, responsive, and delivers what it promises.",Positive
Customer service was helpful and resolved my issue quickly. I'm really satisfied.,Positive
Will buy again,Positive
"The product exceeded all my expectations. From the build quality to the performance, everything was perfect.",Positive
"After waiting two weeks, I got the wrong product. The whole process was frustrating.",Negative
"Terrible experience. Nothing worked as expected, and I couldn't get any help.",Negative
This product was a complete waste of money. Stopped working within a week and support was useless.,Negative
Loved it,Positive
Loved it,Positive
"The product exceeded all my expectations. From the build quality to the performance, everything was perfect.",Positive
Worst purchase ever. Quality is horrible and there’s no return option available.,Negative
"The product exceeded all my expectations. From the build quality to the performance, everything was perfect.",Positive
Loved it,Positive
"The product exceeded all my expectations. From the build quality to the performance, everything was perfect.",Positive
Amazing experience,Positive
"The product exceeded all my expectations. From the build quality to the performance, everything was perfect.",Positive
Shipping was fast and the product came well-packaged. Works exactly as described.,Positive
Very bad experience,Negative
Terrible product,Negative
Customer service was helpful and resolved my issue quickly. I'm really satisfied.,Positive
This product was a complete waste of money. Stopped working within a week and support was useless.,Negative
"I had a great experience using this device. It's fast, responsive, and delivers what it promises.",Positive
Worst purchase ever. Quality is horrible and there’s no return option available.,Negative
Excellent service,Positive
Shipping was fast and the product came well-packaged. Works exactly as described.,Positive
"Terrible experience. Nothing worked as expected, and I couldn't get any help.",Negative
Not worth the money,Negative
Will buy again,Positive
Loved it,Positive
Customer service was helpful and resolved my issue quickly. I'm really satisfied.,Positive
Hated it,Negative
Worst purchase ever. Quality is horrible and there’s no return option available.,Negative
Exceeded expectations,Positive
This product was a complete waste of money. Stopped working within a week and support was useless.,Negative
This product was a complete waste of money. Stopped working within a week and support was useless.,Negative
Top quality,Positive
Highly recommend,Positive
Amazing experience,Positive
Excellent service,Positive
"The product exceeded all my expectations. From the build quality to the performance, everything was perfect.",Positive
Not worth the money,Negative
Late delivery,Negative
"After waiting two weeks, I got the wrong product. The whole process was frustrating.",Negative
This product was a complete waste of money. Stopped working within a week and support was useless.,Negative
This product was a complete waste of money. Stopped working within a week and support was useless.,Negative
"I had a great experience using this device. It's fast, responsive, and delivers what it promises.",Positive
"I had a great experience using this device. It's fast, responsive, and delivers what it promises.",Positive
"I had a great experience using this device. It's fast, responsive, and delivers what it promises.",Positive
Terrible product,Negative
Excellent service,Positive
"After waiting two weeks, I got the wrong product. The whole process was frustrating.",Negative
Highly recommend,Positive
"I had a great experience using this device. It's fast, responsive, and delivers what it promises.",Positive
Hated it,Negative
Amazing experience,Positive
Worst purchase ever. Quality is horrible and there’s no return option available.,Negative
Late delivery,Negative
"Terrible experience. Nothing worked as expected, and I couldn't get any help.",Negative
This product was a complete waste of money. Stopped working within a week and support was useless.,Negative
Customer service was helpful and resolved my issue quickly. I'm really satisfied.,Positive
"After waiting two weeks, I got the wrong product. The whole process was frustrating.",Negative
Amazing experience,Positive
"After waiting two weeks, I got the wrong product. The whole process was frustrating.",Negative
Terrible product,Negative
"The product exceeded all my expectations. From the build quality to the performance, everything was perfect.",Positive
Not worth the money,Negative
"I had a great experience using this device. It's fast, responsive, and delivers what it promises.",Positive
Customer service was helpful and resolved my issue quickly. I'm really satisfied.,Positive
Excellent service,Positive
Good value for money,Positive
Received a defective item. The packaging was also damaged. Very disappointed.,Negative
Disappointed,Negative
"Terrible experience. Nothing worked as expected, and I couldn't get any help.",Negative
Excellent service,Positive
Do not recommend,Negative
Shipping was fast and the product came well-packaged. Works exactly as described.,Positive
Awful service,Negative
This product was a complete waste of money. Stopped working within a week and support was useless.,Negative
Very bad experience,Negative
Awful service,Negative
Never buying again,Negative
Highly recommend,Positive
"The product exceeded all my expectations. From the build quality to the performance, everything was perfect.",Positive
Do not recommend,Negative
This product was a complete waste of money. Stopped working within a week and support was useless.,Negative
Highly recommend,Positive
Good value for money,Positive
Great product,Positive
Hated it,Negative
Poor quality,Negative
"Terrible experience. Nothing worked as expected, and I couldn't get any help.",Negative
Received a defective item. The packaging was also damaged. Very disappointed.,Negative
Very happy with the purchase. The features are outstanding and user-friendly.,Positive
"Terrible experience. Nothing worked as expected, and I couldn't get any help.",Negative
Customer service was helpful and resolved my issue quickly. I'm really satisfied.,Positive
Disappointed,Negative
Shipping was fast and the product came well-packaged. Works exactly as described.,Positive
Top quality,Positive
Will buy again,Positive
"The product exceeded all my expectations. From the build quality to the performance, everything was perfect.",Positive
Shipping was fast and the product came well-packaged. Works exactly as described.,Positive
Will buy again,Positive
Fast delivery,Positive
Terrible product,Negative
This product was a complete waste of money. Stopped working within a week and support was useless.,Negative
Customer service was helpful and resolved my issue quickly. I'm really satisfied.,Positive
Very bad experience,Negative
"I had a great experience using this device. It's fast, responsive, and delivers what it promises.",Positive
Worst purchase ever. Quality is horrible and there’s no return option available.,Negative
Highly recommend,Positive
Customer service was helpful and resolved my issue quickly. I'm really satisfied.,Positive
Not worth the money,Negative
Amazing experience,Positive
Customer service was helpful and resolved my issue quickly. I'm really satisfied.,Positive
Very bad experience,Negative
Fast delivery,Positive
"The product exceeded all my expectations. From the build quality to the performance, everything was perfect.",Positive
Poor quality,Negative
Exceeded expectations,Positive
"I had a great experience using this device. It's fast, responsive, and delivers what it promises.",Positive
Do not recommend,Negative
"I had a great experience using this device. It's fast, responsive, and delivers what it promises.",Positive
Very bad experience,Negative
Excellent service,Positive
"After waiting two weeks, I got the wrong product. The whole process was frustrating.",Negative
Not worth the money,Negative
"After waiting two weeks, I got the wrong product. The whole process was frustrating.",Negative
Fast delivery,Positive
Received a defective item. The packaging was also damaged. Very disappointed.,Negative
Do not recommend,Negative
"I had a great experience using this device. It's fast, responsive, and delivers what it promises.",Positive
Late delivery,Negative
Good value for money,Positive
"The product exceeded all my expectations. From the build quality to the performance, everything was perfect.",Positive
Not worth the money,Negative
Never buying again,Negative
"The product exceeded all my expectations. From the build quality to the performance, everything was perfect.",Positive
"After waiting two weeks, I got the wrong product. The whole process was frustrating.",Negative
Hated it,Negative
Late delivery,Negative
Amazing experience,Positive
"The product exceeded all my expectations. From the build quality to the performance, everything was perfect.",Positive
Excellent service,Positive
Not worth the money,Negative
Customer service was helpful and resolved my issue quickly. I'm really satisfied.,Positive
"I had a great experience using this device. It's fast, responsive, and delivers what it promises.",Positive
Received a defective item. The packaging was also damaged. Very disappointed.,Negative
Top quality,Positive
"After waiting two weeks, I got the wrong product. The whole process was frustrating.",Negative
Worst purchase ever. Quality is horrible and there’s no return option available.,Negative
"After waiting two weeks, I got the wrong product. The whole process was frustrating.",Negative
Poor quality,Negative
Very bad experience,Negative
Highly recommend,Positive
Amazing experience,Positive
This product was a complete waste of money. Stopped working within a week and support was useless.,Negative
Disappointed,Negative
"Terrible experience. Nothing worked as expected, and I couldn't get any help.",Negative
Never buying again,Negative
"I had a great experience using this device. It's fast, responsive, and delivers what it promises.",Positive
Great product,Positive
Received a defective item. The packaging was also damaged. Very disappointed.,Negative
Will buy again,Positive
Loved it,Positive
Customer service was helpful and resolved my issue quickly. I'm really satisfied.,Positive
Terrible product,Negative
Very bad experience,Negative
Not worth the money,Negative
"The product exceeded all my expectations. From the build quality to the performance, everything was perfect.",Positive
"After waiting two weeks, I got the wrong product. The whole process was frustrating.",Negative
Disappointed,Negative
Very happy with the purchase. The features are outstanding and user-friendly.,Positive
Never buying again,Negative
This product was a complete waste of money. Stopped working within a week and support was useless.,Negative
Worst purchase ever. Quality is horrible and there’s no return option available.,Negative
Awful service,Negative
Worst purchase ever. Quality is horrible and there’s no return option available.,Negative
Fast delivery,Positive
Do not recommend,Negative
Shipping was fast and the product came well-packaged. Works exactly as described.,Positive
Top quality,Positive
"Terrible experience. Nothing worked as expected, and I couldn't get any help.",Negative
"Terrible experience. Nothing worked as expected, and I couldn't get any help.",Negative
Loved it,Positive
Highly recommend,Positive
Poor quality,Negative
Customer service was helpful and resolved my issue quickly. I'm really satisfied.,Positive
Exceeded expectations,Positive
Awful service,Negative
"After waiting two weeks, I got the wrong product. The whole process was frustrating.",Negative
"Terrible experience. Nothing worked as expected, and I couldn't get any help.",Negative
Very happy with the purchase. The features are outstanding and user-friendly.,Positive
Poor quality,Negative
Great product,Positive
Not worth the money,Negative
Received a defective item. The packaging was also damaged. Very disappointed.,Negative
Worst purchase ever. Quality is horrible and there’s no return option available.,Negative
"Terrible experience. Nothing worked as expected, and I couldn't get any help.",Negative
Amazing experience,Positive
Worst purchase ever. Quality is horrible and there’s no return option available.,Negative
Received a defective item. The packaging was also damaged. Very disappointed.,Negative
Received a defective item. The packaging was also damaged. Very disappointed.,Negative
"The product exceeded all my expectations. From the build quality to the performance, everything was perfect.",Positive
Worst purchase ever. Quality is horrible and there’s no return option available.,Negative
Shipping was fast and the product came well-packaged. Works exactly as described.,Positive
Terrible product,Negative
Hated it,Negative
Never buying again,Negative
Amazing experience,Positive
"The product exceeded all my expectations. From the build quality to the performance, everything was perfect.",Positive
"I had a great experience using this device. It's fast, responsive, and delivers what it promises.",Positive
Do not recommend,Negative
This product was a complete waste of money. Stopped working within a week and support was useless.,Negative
Received a defective item. The packaging was also damaged. Very disappointed.,Negative
Customer service was helpful and resolved my issue quickly. I'm really satisfied.,Positive
Very happy with the purchase. The features are outstanding and user-friendly.,Positive
"After waiting two weeks, I got the wrong product. The whole process was frustrating.",Negative
Late delivery,Negative
Late delivery,Negative
"After waiting two weeks, I got the wrong product. The whole process was frustrating.",Negative
This product was a complete waste of money. Stopped working within a week and support was useless.,Negative
"After waiting two weeks, I got the wrong product. The whole process was frustrating.",Negative
Will buy again,Positive
Disappointed,Negative
Late delivery,Negative
Highly recommend,Positive
Terrible product,Negative
Great product,Positive
Received a defective item. The packaging was also damaged. Very disappointed.,Negative
Hated it,Negative
Excellent service,Positive
Fast delivery,Positive
"The product exceeded all my expectations. From the build quality to the performance, everything was perfect.",Positive
Very happy with the purchase. The features are outstanding and user-friendly.,Positive
Excellent service,Positive
"After waiting two weeks, I got the wrong product. The whole process was frustrating.",Negative
"Terrible experience. Nothing worked as expected, and I couldn't get any help.",Negative
"Terrible experience. Nothing worked as expected, and I couldn't get any help.",Negative
Never buying again,Negative
Customer service was helpful and resolved my issue quickly. I'm really satisfied.,Positive
Loved it,Positive
Customer service was helpful and resolved my issue quickly. I'm really satisfied.,Positive
Received a defective item. The packaging was also damaged. Very disappointed.,Negative
Do not recommend,Negative
"After waiting two weeks, I got the wrong product. The whole process was frustrating.",Negative
Exceeded expectations,Positive
Top quality,Positive
Received a defective item. The packaging was also damaged. Very disappointed.,Negative
Worst purchase ever. Quality is horrible and there’s no return option available.,Negative
Excellent service,Positive
Do not recommend,Negative
This product was a complete waste of money. Stopped working within a week and support was useless.,Negative
Never buying again,Negative
"I had a great experience using this device. It's fast, responsive, and delivers what it promises.",Positive
Very bad experience,Negative
Will buy again,Positive
"The product exceeded all my expectations. From the build quality to the performance, everything was perfect.",Positive
Customer service was helpful and resolved my issue quickly. I'm really satisfied.,Positive
Amazing experience,Positive
Never buying again,Negative
Hated it,Negative
Customer service was helpful and resolved my issue quickly. I'm really satisfied.,Positive
Customer service was helpful and resolved my issue quickly. I'm really satisfied.,Positive
Late delivery,Negative
This product was a complete waste of money. Stopped working within a week and support was useless.,Negative
Customer service was helpful and resolved my issue quickly. I'm really satisfied.,Positive
Disappointed,Negative
Poor quality,Negative
Customer service was helpful and resolved my issue quickly. I'm really satisfied.,Positive
Worst purchase ever. Quality is horrible and there’s no return option available.,Negative
Will buy again,Positive
Disappointed,Negative
Poor quality,Negative
Good value for money,Positive
This product was a complete waste of money. Stopped working within a week and support was useless.,Negative
Good value for money,Positive
Customer service was helpful and resolved my issue quickly. I'm really satisfied.,Positive
Great product,Positive
Do not recommend,Negative
Top quality,Positive
Customer service was helpful and resolved my issue quickly. I'm really satisfied.,Positive
Highly recommend,Positive
"After waiting two weeks, I got the wrong product. The whole process was frustrating.",Negative
"After waiting two weeks, I got the wrong product. The whole process was frustrating.",Negative
Great product,Positive
Top quality,Positive
Terrible product,Negative
Terrible product,Negative
This product was a complete waste of money. Stopped working within a week and support was useless.,Negative
Worst purchase ever. Quality is horrible and there’s no return option available.,Negative
"The product exceeded all my expectations. From the build quality to the performance, everything was perfect.",Positive
Terrible product,Negative
Top quality,Positive
This product was a complete waste of money. Stopped working within a week and support was useless.,Negative
"I had a great experience using this device. It's fast, responsive, and delivers what it promises.",Positive
"After waiting two weeks, I got the wrong product. The whole process was frustrating.",Negative
Customer service was helpful and resolved my issue quickly. I'm really satisfied.,Positive
Hated it,Negative
Will buy again,Positive
Highly recommend,Positive
"I had a great experience using this device. It's fast, responsive, and delivers what it promises.",Positive
Good value for money,Positive
"After waiting two weeks, I got the wrong product. The whole process was frustrating.",Negative
Shipping was fast and the product came well-packaged. Works exactly as described.,Positive
Amazing experience,Positive
Shipping was fast and the product came well-packaged. Works exactly as described.,Positive
"After waiting two weeks, I got the wrong product. The whole process was frustrating.",Negative
"Terrible experience. Nothing worked as expected, and I couldn't get any help.",Negative
Amazing experience,Positive
Disappointed,Negative
Excellent service,Positive
Good value for money,Positive
Customer service was helpful and resolved my issue quickly. I'm really satisfied.,Positive
Terrible product,Negative
Received a defective item. The packaging was also damaged. Very disappointed.,Negative
Good value for money,Positive
Worst purchase ever. Quality is horrible and there’s no return option available.,Negative
Highly recommend,Positive
Worst purchase ever. Quality is horrible and there’s no return option available.,Negative
Great product,Positive
"After waiting two weeks, I got the wrong product. The whole process was frustrating.",Negative
Not worth the money,Negative
Customer service was helpful and resolved my issue quickly. I'm really satisfied.,Positive
This product was a complete waste of money. Stopped working within a week and support was useless.,Negative
Terrible product,Negative
"Terrible experience. Nothing worked as expected, and I couldn't get any help.",Negative
Loved it,Positive
Good value for money,Positive
"The product exceeded all my expectations. From the build quality to the performance, everything was perfect.",Positive
Worst purchase ever. Quality is horrible and there’s no return option available.,Negative
Loved it,Positive
Highly recommend,Positive
Will buy again,Positive
Fast delivery,Positive
Amazing experience,Positive
Shipping was fast and the product came well-packaged. Works exactly as described.,Positive
"Terrible experience. Nothing worked as expected, and I couldn't get any help.",Negative
"I had a great experience using this device. It's fast, responsive, and delivers what it promises.",Positive
Late delivery,Negative
Late delivery,Negative
This product was a complete waste of money. Stopped working within a week and support was useless.,Negative
"The product exceeded all my expectations. From the build quality to the performance, everything was perfect.",Positive
Shipping was fast and the product came well-packaged. Works exactly as described.,Positive
Highly recommend,Positive
Very happy with the purchase. The features are outstanding and user-friendly.,Positive
Excellent service,Positive
Amazing experience,Positive
"After waiting two weeks, I got the wrong product. The whole process was frustrating.",Negative
"I had a great experience using this device. It's fast, responsive, and delivers what it promises.",Positive
Awful service,Negative
"Terrible experience. Nothing worked as expected, and I couldn't get any help.",Negative
"After waiting two weeks, I got the wrong product. The whole process was frustrating.",Negative
Terrible product,Negative
Never buying again,Negative
Hated it,Negative
Late delivery,Negative
Not worth the money,Negative
Great product,Positive
Never buying again,Negative
Hated it,Negative
Very happy with the purchase. The features are outstanding and user-friendly.,Positive
Exceeded expectations,Positive
Good value for money,Positive
Very happy with the purchase. The features are outstanding and user-friendly.,Positive
Very happy with the purchase. The features are outstanding and user-friendly.,Positive
Worst purchase ever. Quality is horrible and there’s no return option available.,Negative
Customer service was helpful and resolved my issue quickly. I'm really satisfied.,Positive
Hated it,Negative
Customer service was helpful and resolved my issue quickly. I'm really satisfied.,Positive
Worst purchase ever. Quality is horrible and there’s no return option available.,Negative
Very happy with the purchase. The features are outstanding and user-friendly.,Positive
Hated it,Negative
Poor quality,Negative
Will buy again,Positive
Not worth the money,Negative
Good value for money,Positive
Very happy with the purchase. The features are outstanding and user-friendly.,Positive
Great product,Positive
Poor quality,Negative
Great product,Positive
Fast delivery,Positive
Shipping was fast and the product came well-packaged. Works exactly as described.,Positive
Very bad experience,Negative
This product was a complete waste of money. Stopped working within a week and support was useless.,Negative
This product was a complete waste of money. Stopped working within a week and support was useless.,Negative
"The product exceeded all my expectations. From the build quality to the performance, everything was perfect.",Positive
Excellent service,Positive
This product was a complete waste of money. Stopped working within a week and support was useless.,Negative
Customer service was helpful and resolved my issue quickly. I'm really satisfied.,Positive
This product was a complete waste of money. Stopped working within a week and support was useless.,Negative
"I had a great experience using this device. It's fast, responsive, and delivers what it promises.",Positive
Hated it,Negative
"After waiting two weeks, I got the wrong product. The whole process was frustrating.",Negative
Highly recommend,Positive
Very happy with the purchase. The features are outstanding and user-friendly.,Positive
"The product exceeded all my expectations. From the build quality to the performance, everything was perfect.",Positive
Very bad experience,Negative
Worst purchase ever. Quality is horrible and there’s no return option available.,Negative
"The product exceeded all my expectations. From the build quality to the performance, everything was perfect.",Positive
Very happy with the purchase. The features are outstanding and user-friendly.,Positive
Hated it,Negative
Never buying again,Negative
This product was a complete waste of money. Stopped working within a week and support was useless.,Negative
Good value for money,Positive
Shipping was fast and the product came well-packaged. Works exactly as described.,Positive
"After waiting two weeks, I got the wrong product. The whole process was frustrating.",Negative
Top quality,Positive
This product was a complete waste of money. Stopped working within a week and support was useless.,Negative
Highly recommend,Positive
"Terrible experience. Nothing worked as expected, and I couldn't get any help.",Negative
Never buying again,Negative
"I had a great experience using this device. It's fast, responsive, and delivers what it promises.",Positive
This product was a complete waste of money. Stopped working within a week and support was useless.,Negative
Highly recommend,Positive
Customer service was helpful and resolved my issue quickly. I'm really satisfied.,Positive
Very happy with the purchase. The features are outstanding and user-friendly.,Positive
Customer service was helpful and resolved my issue quickly. I'm really satisfied.,Positive
This product was a complete waste of money. Stopped working within a week and support was useless.,Negative
Customer service was helpful and resolved my issue quickly. I'm really satisfied.,Positive
Not worth the money,Negative
Loved it,Positive
"Terrible experience. Nothing worked as expected, and I couldn't get any help.",Negative
Hated it,Negative
Great product,Positive
Top quality,Positive
Shipping was fast and the product came well-packaged. Works exactly as described.,Positive
Not worth the money,Negative
Customer service was helpful and resolved my issue quickly. I'm really satisfied.,Positive
"After waiting two weeks, I got the wrong product. The whole process was frustrating.",Negative
"After waiting two weeks, I got the wrong product. The whole process was frustrating.",Negative
Loved it,Positive
Top quality,Positive
Hated it,Negative
"I had a great experience using this device. It's fast, responsive, and delivers what it promises.",Positive
Terrible product,Negative
Good value for money,Positive
"After waiting two weeks, I got the wrong product. The whole process was frustrating.",Negative
"After waiting two weeks, I got the wrong product. The whole process was frustrating.",Negative
Do not recommend,Negative
Very happy with the purchase. The features are outstanding and user-friendly.,Positive
Shipping was fast and the product came well-packaged. Works exactly as described.,Positive
Do not recommend,Negative
Fast delivery,Positive
Shipping was fast and the product came well-packaged. Works exactly as described.,Positive
Fast delivery,Positive
Worst purchase ever. Quality is horrible and there’s no return option available.,Negative
Great product,Positive
"The product exceeded all my expectations. From the build quality to the performance, everything was perfect.",Positive
Late delivery,Negative
"I had a great experience using this device. It's fast, responsive, and delivers what it promises.",Positive
Highly recommend,Positive
Disappointed,Negative
Great product,Positive
Customer service was helpful and resolved my issue quickly. I'm really satisfied.,Positive
This product was a complete waste of money. Stopped working within a week and support was useless.,Negative
Excellent service,Positive
Awful service,Negative
Good value for money,Positive
Great product,Positive
Good value for money,Positive
Very happy with the purchase. The features are outstanding and user-friendly.,Positive
"Terrible experience. Nothing worked as expected, and I couldn't get any help.",Negative
Received a defective item. The packaging was also damaged. Very disappointed.,Negative
Disappointed,Negative
"After waiting two weeks, I got the wrong product. The whole process was frustrating.",Negative
Do not recommend,Negative
Exceeded expectations,Positive
Late delivery,Negative
Exceeded expectations,Positive
Shipping was fast and the product came well-packaged. Works exactly as described.,Positive
Highly recommend,Positive
Do not recommend,Negative
Shipping was fast and the product came well-packaged. Works exactly as described.,Positive
Will buy again,Positive
"After waiting two weeks, I got the wrong product. The whole process was frustrating.",Negative
This product was a complete waste of money. Stopped working within a week and support was useless.,Negative
Poor quality,Negative
Fast delivery,Positive
"After waiting two weeks, I got the wrong product. The whole process was frustrating.",Negative
Loved it,Positive
"After waiting two weeks, I got the wrong product. The whole process was frustrating.",Negative
"Terrible experience. Nothing worked as expected, and I couldn't get any help.",Negative
Hated it,Negative
Disappointed,Negative
Disappointed,Negative
"I had a great experience using this device. It's fast, responsive, and delivers what it promises.",Positive
Fast delivery,Positive
Very happy with the purchase. The features are outstanding and user-friendly.,Positive
This product was a complete waste of money. Stopped working within a week and support was useless.,Negative
Will buy again,Positive
"After waiting two weeks, I got the wrong product. The whole process was frustrating.",Negative
Fast delivery,Positive
Do not recommend,Negative
This product was a complete waste of money. Stopped working within a week and support was useless.,Negative
Received a defective item. The packaging was also damaged. Very disappointed.,Negative
Very happy with the purchase. The features are outstanding and user-friendly.,Positive
Fast delivery,Positive
Fast delivery,Positive
"I had a great experience using this device. It's fast, responsive, and delivers what it promises.",Positive
Hated it,Negative
Awful service,Negative
Customer service was helpful and resolved my issue quickly. I'm really satisfied.,Positive
"After waiting two weeks, I got the wrong product. The whole process was frustrating.",Negative
This product was a complete waste of money. Stopped working within a week and support was useless.,Negative
Customer service was helpful and resolved my issue quickly. I'm really satisfied.,Positive
Disappointed,Negative
Very happy with the purchase. The features are outstanding and user-friendly.,Positive
Loved it,Positive
Received a defective item. The packaging was also damaged. Very disappointed.,Negative
Poor quality,Negative
Top quality,Positive
Never buying again,Negative
Disappointed,Negative
Poor quality,Negative
"The product exceeded all my expectations. From the build quality to the performance, everything was perfect.",Positive
Excellent service,Positive
Shipping was fast and the product came well-packaged. Works exactly as described.,Positive
Very bad experience,Negative
Poor quality,Negative
"I had a great experience using this device. It's fast, responsive, and delivers what it promises.",Positive
Received a defective item. The packaging was also damaged. Very disappointed.,Negative
Received a defective item. The packaging was also damaged. Very disappointed.,Negative
This product was a complete waste of money. Stopped working within a week and support was useless.,Negative
Good value for money,Positive
Highly recommend,Positive
Shipping was fast and the product came well-packaged. Works exactly as described.,Positive
Never buying again,Negative
Worst purchase ever. Quality is horrible and there’s no return option available.,Negative
"Terrible experience. Nothing worked as expected, and I couldn't get any help.",Negative
Very happy with the purchase. The features are outstanding and user-friendly.,Positive
"The product exceeded all my expectations. From the build quality to the performance, everything was perfect.",Positive
"Terrible experience. Nothing worked as expected, and I couldn't get any help.",Negative
Received a defective item. The packaging was also damaged. Very disappointed.,Negative
Loved it,Positive
Worst purchase ever. Quality is horrible and there’s no return option available.,Negative
"I had a great experience using this device. It's fast, responsive, and delivers what it promises.",Positive
Good value for money,Positive
Do not recommend,Negative
Do not recommend,Negative
Received a defective item. The packaging was also damaged. Very disappointed.,Negative
Not worth the money,Negative
Fast delivery,Positive
Very happy with the purchase. The features are outstanding and user-friendly.,Positive
Highly recommend,Positive
Shipping was fast and the product came well-packaged. Works exactly as described.,Positive
Excellent service,Positive
"After waiting two weeks, I got the wrong product. The whole process was frustrating.",Negative
Awful service,Negative
Will buy again,Positive
This product was a complete waste of money. Stopped working within a week and support was useless.,Negative
"Terrible experience. Nothing worked as expected, and I couldn't get any help.",Negative
Awful service,Negative
Not worth the money,Negative
Loved it,Positive
Loved it,Positive
"Terrible experience. Nothing worked as expected, and I couldn't get any help.",Negative
Fast delivery,Positive
Highly recommend,Positive
Shipping was fast and the product came well-packaged. Works exactly as described.,Positive
"After waiting two weeks, I got the wrong product. The whole process was frustrating.",Negative
Top quality,Positive
Poor quality,Negative
Very happy with the purchase. The features are outstanding and user-friendly.,Positive
Amazing experience,Positive
"The product exceeded all my expectations. From the build quality to the performance, everything was perfect.",Positive
Do not recommend,Negative
Received a defective item. The packaging was also damaged. Very disappointed.,Negative
Amazing experience,Positive
"After waiting two weeks, I got the wrong product. The whole process was frustrating.",Negative
"After waiting two weeks, I got the wrong product. The whole process was frustrating.",Negative
Excellent service,Positive
Very happy with the purchase. The features are outstanding and user-friendly.,Positive
Excellent service,Positive
Highly recommend,Positive
Worst purchase ever. Quality is horrible and there’s no return option available.,Negative
Very bad experience,Negative
Worst purchase ever. Quality is horrible and there’s no return option available.,Negative
Shipping was fast and the product came well-packaged. Works exactly as described.,Positive
Poor quality,Negative
Shipping was fast and the product came well-packaged. Works exactly as described.,Positive
"The product exceeded all my expectations. From the build quality to the performance, everything was perfect.",Positive
Very bad experience,Negative
Loved it,Positive
"I had a great experience using this device. It's fast, responsive, and delivers what it promises.",Positive
Awful service,Negative
Never buying again,Negative
Customer service was helpful and resolved my issue quickly. I'm really satisfied.,Positive
Highly recommend,Positive
"Terrible experience. Nothing worked as expected, and I couldn't get any help.",Negative
Hated it,Negative
Do not recommend,Negative
"Terrible experience. Nothing worked as expected, and I couldn't get any help.",Negative
"Terrible experience. Nothing worked as expected, and I couldn't get any help.",Negative
Worst purchase ever. Quality is horrible and there’s no return option available.,Negative
Never buying again,Negative
This product was a complete waste of money. Stopped working within a week and support was useless.,Negative
Loved it,Positive
Good value for money,Positive
"After waiting two weeks, I got the wrong product. The whole process was frustrating.",Negative
"Terrible experience. Nothing worked as expected, and I couldn't get any help.",Negative
Awful service,Negative
Top quality,Positive
This product was a complete waste of money. Stopped working within a week and support was useless.,Negative
Hated it,Negative
Customer service was helpful and resolved my issue quickly. I'm really satisfied.,Positive
Not worth the money,Negative
Poor quality,Negative
Received a defective item. The packaging was also damaged. Very disappointed.,Negative
"The product exceeded all my expectations. From the build quality to the performance, everything was perfect.",Positive
Excellent service,Positive
"The product exceeded all my expectations. From the build quality to the performance, everything was perfect.",Positive
Not worth the money,Negative
This product was a complete waste of money. Stopped working within a week and support was useless.,Negative
Top quality,Positive
Disappointed,Negative
Fast delivery,Positive
Shipping was fast and the product came well-packaged. Works exactly as described.,Positive
Amazing experience,Positive
Customer service was helpful and resolved my issue quickly. I'm really satisfied.,Positive
Worst purchase ever. Quality is horrible and there’s no return option available.,Negative
Hated it,Negative
Very happy with the purchase. The features are outstanding and user-friendly.,Positive
Worst purchase ever. Quality is horrible and there’s no return option available.,Negative
Terrible product,Negative
Received a defective item. The packaging was also damaged. Very disappointed.,Negative
"The product exceeded all my expectations. From the build quality to the performance, everything was perfect.",Positive
Terrible product,Negative
"Terrible experience. Nothing worked as expected, and I couldn't get any help.",Negative
Terrible product,Negative
"I had a great experience using this device. It's fast, responsive, and delivers what it promises.",Positive
Will buy again,Positive
Not worth the money,Negative
Worst purchase ever. Quality is horrible and there’s no return option available.,Negative
Customer service was helpful and resolved my issue quickly. I'm really satisfied.,Positive
Shipping was fast and the product came well-packaged. Works exactly as described.,Positive
Awful service,Negative
Amazing experience,Positive
Poor quality,Negative
This product was a complete waste of money. Stopped working within a week and support was useless.,Negative
"The product exceeded all my expectations. From the build quality to the performance, everything was perfect.",Positive
Hated it,Negative
"The product exceeded all my expectations. From the build quality to the performance, everything was perfect.",Positive
"After waiting two weeks, I got the wrong product. The whole process was frustrating.",Negative
Hated it,Negative
"After waiting two weeks, I got the wrong product. The whole process was frustrating.",Negative
Late delivery,Negative
Worst purchase ever. Quality is horrible and there’s no return option available.,Negative
Fast delivery,Positive
Excellent service,Positive
Exceeded expectations,Positive
"Terrible experience. Nothing worked as expected, and I couldn't get any help.",Negative
Amazing experience,Positive
"The product exceeded all my expectations. From the build quality to the performance, everything was perfect.",Positive
"The product exceeded all my expectations. From the build quality to the performance, everything was perfect.",Positive
"Terrible experience. Nothing worked as expected, and I couldn't get any help.",Negative
"After waiting two weeks, I got the wrong product. The whole process was frustrating.",Negative
Great product,Positive
Excellent service,Positive
Will buy again,Positive
Not worth the money,Negative
Worst purchase ever. Quality is horrible and there’s no return option available.,Negative
Shipping was fast and the product came well-packaged. Works exactly as described.,Positive
Amazing experience,Positive
Customer service was helpful and resolved my issue quickly. I'm really satisfied.,Positive
Poor quality,Negative
"After waiting two weeks, I got the wrong product. The whole process was frustrating.",Negative
"I had a great experience using this device. It's fast, responsive, and delivers what it promises.",Positive
"The product exceeded all my expectations. From the build quality to the performance, everything was perfect.",Positive
Do not recommend,Negative
Highly recommend,Positive
Received a defective item. The packaging was also damaged. Very disappointed.,Negative
Shipping was fast and the product came well-packaged. Works exactly as described.,Positive
"I had a great experience using this device. It's fast, responsive, and delivers what it promises.",Positive
Worst purchase ever. Quality is horrible and there’s no return option available.,Negative
Very bad experience,Negative
Hated it,Negative
"Terrible experience. Nothing worked as expected, and I couldn't get any help.",Negative
"I had a great experience using this device. It's fast, responsive, and delivers what it promises.",Positive
This product was a complete waste of money. Stopped working within a week and support was useless.,Negative
Fast delivery,Positive
Hated it,Negative
Shipping was fast and the product came well-packaged. Works exactly as described.,Positive
Never buying again,Negative
Excellent service,Positive
Loved it,Positive
Do not recommend,Negative
Shipping was fast and the product came well-packaged. Works exactly as described.,Positive
Received a defective item. The packaging was also damaged. Very disappointed.,Negative
Worst purchase ever. Quality is horrible and there’s no return option available.,Negative
Poor quality,Negative
Great product,Positive
"Terrible experience. Nothing worked as expected, and I couldn't get any help.",Negative
Top quality,Positive
Not worth the money,Negative
Worst purchase ever. Quality is horrible and there’s no return option available.,Negative
Very bad experience,Negative
Will buy again,Positive
Disappointed,Negative
Poor quality,Negative
Amazing experience,Positive
Amazing experience,Positive
Very happy with the purchase. The features are outstanding and user-friendly.,Positive
"After waiting two weeks, I got the wrong product. The whole process was frustrating.",Negative
Do not recommend,Negative
Customer service was helpful and resolved my issue quickly. I'm really satisfied.,Positive
Received a defective item. The packaging was also damaged. Very disappointed.,Negative
Never buying again,Negative
"I had a great experience using this device. It's fast, responsive, and delivers what it promises.",Positive
Highly recommend,Positive
"I had a great experience using this device. It's fast, responsive, and delivers what it promises.",Positive
Do not recommend,Negative
Not worth the money,Negative
Very happy with the purchase. The features are outstanding and user-friendly.,Positive
Do not recommend,Negative
"The product exceeded all my expectations. From the build quality to the performance, everything was perfect.",Positive
Excellent service,Positive
"After waiting two weeks, I got the wrong product. The whole process was frustrating.",Negative
Terrible product,Negative
Highly recommend,Positive
Not worth the money,Negative
Received a defective item. The packaging was also damaged. Very disappointed.,Negative
Will buy again,Positive
"The product exceeded all my expectations. From the build quality to the performance, everything was perfect.",Positive
Do not recommend,Negative
This product was a complete waste of money. Stopped working within a week and support was useless.,Negative
Very happy with the purchase. The features are outstanding and user-friendly.,Positive
Fast delivery,Positive
Highly recommend,Positive
This product was a complete waste of money. Stopped working within a week and support was useless.,Negative
Disappointed,Negative
Late delivery,Negative
Loved it,Positive
Fast delivery,Positive
Poor quality,Negative
Received a defective item. The packaging was also damaged. Very disappointed.,Negative
This product was a complete waste of money. Stopped working within a week and support was useless.,Negative
Do not recommend,Negative
Terrible product,Negative
"The product exceeded all my expectations. From the build quality to the performance, everything was perfect.",Positive
Great product,Positive
Shipping was fast and the product came well-packaged. Works exactly as described.,Positive
"I had a great experience using this device. It's fast, responsive, and delivers what it promises.",Positive
Terrible product,Negative
"The product exceeded all my expectations. From the build quality to the performance, everything was perfect.",Positive
Shipping was fast and the product came well-packaged. Works exactly as described.,Positive
Exceeded expectations,Positive
"The product exceeded all my expectations. From the build quality to the performance, everything was perfect.",Positive
Top quality,Positive
"The product exceeded all my expectations. From the build quality to the performance, everything was perfect.",Positive
Terrible product,Negative
This product was a complete waste of money. Stopped working within a week and support was useless.,Negative
Excellent service,Positive
Top quality,Positive
Shipping was fast and the product came well-packaged. Works exactly as described.,Positive
"The product exceeded all my expectations. From the build quality to the performance, everything was perfect.",Positive
Worst purchase ever. Quality is horrible and there’s no return option available.,Negative
Not worth the money,Negative
Great product,Positive
"After waiting two weeks, I got the wrong product. The whole process was frustrating.",Negative
Disappointed,Negative
Loved it,Positive
Customer service was helpful and resolved my issue quickly. I'm really satisfied.,Positive
Very bad experience,Negative
"The product exceeded all my expectations. From the build quality to the performance, everything was perfect.",Positive
Terrible product,Negative
Shipping was fast and the product came well-packaged. Works exactly as described.,Positive
"After waiting two weeks, I got the wrong product. The whole process was frustrating.",Negative
"After waiting two weeks, I got the wrong product. The whole process was frustrating.",Negative
Not worth the money,Negative
"The product exceeded all my expectations. From the build quality to the performance, everything was perfect.",Positive
Worst purchase ever. Quality is horrible and there’s no return option available.,Negative
Very happy with the purchase. The features are outstanding and user-friendly.,Positive
Terrible product,Negative
Not worth the money,Negative
Very happy with the purchase. The features are outstanding and user-friendly.,Positive
This product was a complete waste of money. Stopped working within a week and support was useless.,Negative
Shipping was fast and the product came well-packaged. Works exactly as described.,Positive
This product was a complete waste of money. Stopped working within a week and support was useless.,Negative
Exceeded expectations,Positive
Shipping was fast and the product came well-packaged. Works exactly as described.,Positive
Great product,Positive
Hated it,Negative
Good value for money,Positive
"The product exceeded all my expectations. From the build quality to the performance, everything was perfect.",Positive
Hated it,Negative
Very happy with the purchase. The features are outstanding and user-friendly.,Positive
Late delivery,Negative
Received a defective item. The packaging was also damaged. Very disappointed.,Negative
"The product exceeded all my expectations. From the build quality to the performance, everything was perfect.",Positive
Good value for money,Positive
"The product exceeded all my expectations. From the build quality to the performance, everything was perfect.",Positive
"Terrible experience. Nothing worked as expected, and I couldn't get any help.",Negative
"Terrible experience. Nothing worked as expected, and I couldn't get any help.",Negative
"The product exceeded all my expectations. From the build quality to the performance, everything was perfect.",Positive
This product was a complete waste of money. Stopped working within a week and support was useless.,Negative
Good value for money,Positive
Worst purchase ever. Quality is horrible and there’s no return option available.,Negative
Exceeded expectations,Positive
"Terrible experience. Nothing worked as expected, and I couldn't get any help.",Negative
Shipping was fast and the product came well-packaged. Works exactly as described.,Positive
Amazing experience,Positive
Worst purchase ever. Quality is horrible and there’s no return option available.,Negative
"Terrible experience. Nothing worked as expected, and I couldn't get any help.",Negative
Not worth the money,Negative
Customer service was helpful and resolved my issue quickly. I'm really satisfied.,Positive
Great product,Positive
Loved it,Positive
Customer service was helpful and resolved my issue quickly. I'm really satisfied.,Positive
"Terrible experience. Nothing worked as expected, and I couldn't get any help.",Negative
"After waiting two weeks, I got the wrong product. The whole process was frustrating.",Negative
Customer service was helpful and resolved my issue quickly. I'm really satisfied.,Positive
Received a defective item. The packaging was also damaged. Very disappointed.,Negative
Disappointed,Negative
Top quality,Positive
Customer service was helpful and resolved my issue quickly. I'm really satisfied.,Positive
Received a defective item. The packaging was also damaged. Very disappointed.,Negative
Very happy with the purchase. The features are outstanding and user-friendly.,Positive
"After waiting two weeks, I got the wrong product. The whole process was frustrating.",Negative
This product was a complete waste of money. Stopped working within a week and support was useless.,Negative
"I had a great experience using this device. It's fast, responsive, and delivers what it promises.",Positive
Customer service was helpful and resolved my issue quickly. I'm really satisfied.,Positive
"Terrible experience. Nothing worked as expected, and I couldn't get any help.",Negative
Received a defective item. The packaging was also damaged. Very disappointed.,Negative
"After waiting two weeks, I got the wrong product. The whole process was frustrating.",Negative
Hated it,Negative
"The product exceeded all my expectations. From the build quality to the performance, everything was perfect.",Positive
Worst purchase ever. Quality is horrible and there’s no return option available.,Negative
This product was a complete waste of money. Stopped working within a week and support was useless.,Negative
Shipping was fast and the product came well-packaged. Works exactly as described.,Positive
Disappointed,Negative
Received a defective item. The packaging was also damaged. Very disappointed.,Negative
Highly recommend,Positive
Worst purchase ever. Quality is horrible and there’s no return option available.,Negative
Fast delivery,Positive
Shipping was fast and the product came well-packaged. Works exactly as described.,Positive
Great product,Positive
